id,dirreccion,barrio,comuna,geometry
1,Fray Cayetano Rodriguez y Yerbal,Flores,Comuna 7,POINT (-58.46317612013668 -34.627641876107376)
2,"Gallardo, Angel Av. 13",Villa Crespo,Comuna 15,POINT (-58.432642817529896 -34.60225524981271)
3,Serrano 19,Villa Crespo,Comuna 15,POINT (-58.44731864904782 -34.600264994990255)
4,San Pedrito Av. 67,Flores,Comuna 7,POINT (-58.46937371170088 -34.63155019370466)
5,Corrientes Av. 106,San Nicolas,Comuna 1,POINT (-58.36955696664682 -34.603021263887705)
6,Pirovano 113,Nueva Pompeya,Comuna 4,POINT (-58.420547015117855 -34.64140514320622)
7,"Irigoyen, Bernardo De 222",Monserrat,Comuna 1,POINT (-58.3805393991968 -34.611043154224355)
8,Ayacucho 235,Balvanera,Comuna 3,POINT (-58.39501719515092 -34.60675150555483)
9,"Anchorena, Tomas Manuel De, Dr. 281",Balvanera,Comuna 3,POINT (-58.41145473847974 -34.60677817843814)
10,Pasco 350,Balvanera,Comuna 3,POINT (-58.397411140655585 -34.61359037138304)
11,San Juan Av. 387,San Telmo,Comuna 1,POINT (-58.371145470523366 -34.621732139587564)
12,"Perez Galdos, Benito Av. 391",La Boca,Comuna 4,POINT (-58.360760720246326 -34.631633367453404)
13,"Alvear, Marcelo T. De 399",Retiro,Comuna 1,POINT (-58.372949832220876 -34.59612385677308)
14,Estados Unidos 408,San Telmo,Comuna 1,POINT (-58.37181014942582 -34.61851239596495)
15,Saraza 427,Parque Chacabuco,Comuna 7,POINT (-58.42484536352865 -34.63680179385774)
16,Cerrito 454,San Nicolas,Comuna 1,POINT (-58.38230676572788 -34.603023274123515)
17,Balcarce 472,Monserrat,Comuna 1,POINT (-58.37070130119535 -34.6132326767451)
18,Paraguay 480,Retiro,Comuna 1,POINT (-58.37395842220583 -34.59743027195995)
19,San Jose 295,Monserrat,Comuna 1,POINT (-58.38620110775934 -34.61211745558658)
20,"Pellegrini, Carlos 495",San Nicolas,Comuna 1,POINT (-58.38098678653676 -34.60265231405823)
21,Aguero 508,Balvanera,Comuna 3,POINT (-58.411756911622646 -34.60392363981977)
22,Esmeralda 523,San Nicolas,Comuna 1,POINT (-58.3780989334675 -34.60219736932994)
23,Balcarce 563,Monserrat,Comuna 1,POINT (-58.37074463917324 -34.614358453992566)
24,"Roca, Julio A., Presidente Diagonal Sur Av. 568",Monserrat,Comuna 1,POINT (-58.37430101947589 -34.60994460037182)
25,"Anchorena, Tomas Manuel De, Dr. 571",Balvanera,Comuna 3,POINT (-58.409886251995985 -34.60291442517405)
26,Paraguay 578,Retiro,Comuna 1,POINT (-58.3751778029011 -34.59751170175565)
27,De Mayo Av. 621,Monserrat,Comuna 1,POINT (-58.37523216187205 -34.60861683666575)
28,"Alvear, Marcelo T. De 632",Retiro,Comuna 1,POINT (-58.375849531601695 -34.59637349974991)
29,Fragata Pres. Sarmiento 679,Caballito,Comuna 6,POINT (-58.45185418368724 -34.61595018513593)
30,Balcarce 698,Monserrat,Comuna 1,POINT (-58.370525847223455 -34.6157459651986)
31,"Lobos, Eleodoro, Dr. 729",Caballito,Comuna 6,POINT (-58.437048162162014 -34.60953732888696)
32,De Mayo Av. 795,Monserrat,Comuna 1,POINT (-58.37757778061253 -34.60870059833994)
33,Saenz Av. 871,Nueva Pompeya,Comuna 4,POINT (-58.416476493300735 -34.65034657896865)
34,Muñecas 890,Villa Crespo,Comuna 15,POINT (-58.44659721479456 -34.59988259571999)
35,Cordoba Av. 890,San Nicolas,Comuna 1,POINT (-58.37951861401659 -34.59903935799918)
36,Echeverria 955,Belgrano,Comuna 13,POINT (-58.44083994360942 -34.55397495823094)
37,Fitz Roy 958,Chacarita,Comuna 15,POINT (-58.44369058109739 -34.59002831433068)
38,"Alsina, Adolfo 958",Monserrat,Comuna 1,POINT (-58.3799254716965 -34.610705109150636)
39,"Sanchez, Miguel B. Av. 1041",Nuñez,Comuna 13,POINT (-58.45549875593547 -34.5425179133541)
40,Cerrito 1118,Retiro,Comuna 1,POINT (-58.38279344327325 -34.59529466839284)
41,O'Brien 1160,Constitucion,Comuna 1,POINT (-58.381899666345895 -34.62905484482576)
42,Terrada 1164,Villa Santa Rita,Comuna 11,POINT (-58.4734084639947 -34.61933144679631)
43,"Moreno, Jose Maria Av. 1216",Parque Chacabuco,Comuna 7,POINT (-58.43280487329696 -34.632730720575445)
44,"Salguero, Jeronimo 1216",Palermo,Comuna 14,POINT (-58.41874872906069 -34.59632709817075)
45,O'Brien 1224,Constitucion,Comuna 1,POINT (-58.383096599913245 -34.629100392845984)
46,Chacabuco 1236,San Telmo,Comuna 1,POINT (-58.37557008225197 -34.622505145705254)
47,"Acuña De Figueroa, Francisco 1264",Palermo,Comuna 14,POINT (-58.42167392069472 -34.59688356927762)
48,Corrientes Av. 1344,San Nicolas,Comuna 1,POINT (-58.38575941404545 -34.604024242750526)
49,Caseros Av. 1400,Barracas,Comuna 4,POINT (-58.382515984945194 -34.631805155964734)
50,"Irigoyen, Bernardo De 1480",Constitucion,Comuna 1,POINT (-58.379038281032585 -34.625759929064785)
51,La Plata Av. 1542,Boedo,Comuna 5,POINT (-58.42526184992027 -34.632998768436686)
52,Serrano 1565,Palermo,Comuna 14,POINT (-58.43015271136536 -34.58894568734162)
53,Guevara 1584,Villa Ortuzar,Comuna 15,POINT (-58.46590605464679 -34.58392054701436)
54,Lope De Vega Av. 1614,Villa Luro,Comuna 10,POINT (-58.510832626566796 -34.62498433551194)
55,Pueyrredon Av. 1638,Recoleta,Comuna 2,POINT (-58.401329988545626 -34.59194589506564)
56,"Alvarez, Donato, Tte. Gral. 1666",Villa Gral. Mitre,Comuna 11,POINT (-58.462477441247955 -34.60798040316134)
57,Entre Rios Av. 1691,Parque Patricios,Comuna 4,POINT (-58.391164157065845 -34.62831828083739)
58,La Plata Av. 1700,Boedo,Comuna 5,POINT (-58.424635097185934 -34.635619249114946)
59,Entre Rios Av. 1738,Constitucion,Comuna 1,POINT (-58.390909104984516 -34.62862513157867)
60,Tacuari 1827,Barracas,Comuna 4,POINT (-58.37514825330744 -34.629604254331994)
61,Independencia Av. 1839,Balvanera,Comuna 3,POINT (-58.392444403894416 -34.618104136265934)
62,Avellaneda Av. 1851,Flores,Comuna 7,POINT (-58.45684914108336 -34.621384891221616)
63,Lima 1875,Constitucion,Comuna 1,POINT (-58.38142101585352 -34.629751027173505)
64,Combate De Los Pozos 1881,Parque Patricios,Comuna 4,POINT (-58.39153054114442 -34.63083028591105)
65,"Lopez, Vicente 1989",Recoleta,Comuna 2,POINT (-58.39284226224921 -34.58928744170332)
66,Directorio Av. 2009,Flores,Comuna 7,POINT (-58.455683474055704 -34.631822046131006)
67,Segurola Av. 2172,Monte Castro,Comuna 10,POINT (-58.50400604718266 -34.616428868140375)
68,"Lopez, Vicente 2188",Recoleta,Comuna 2,POINT (-58.395154797566164 -34.588012444953385)
69,Gaona Av. 2197,Caballito,Comuna 6,POINT (-58.45827049777265 -34.613359356194465)
70,Paraguay 2351,Recoleta,Comuna 2,POINT (-58.40138700140641 -34.597848379998254)
71,Moreno 2353,Balvanera,Comuna 3,POINT (-58.39958825360675 -34.613161349069976)
72,Montañeses 2361,Belgrano,Comuna 13,POINT (-58.45101991645585 -34.554880296356764)
73,Alvarez Thomas Av. 2376,Villa Ortuzar,Comuna 15,POINT (-58.474917905489875 -34.57741350674905)
74,Independencia Av. 2389,Balvanera,Comuna 3,POINT (-58.39982943766676 -34.61849702458661)
75,"Peron, Juan Domingo, Tte. General 2823",Balvanera,Comuna 3,POINT (-58.40686345659765 -34.60773154452371)
76,"Zabala, Joaquin, Dr. 2800",Paternal,Comuna 15,POINT (-58.477093461955846 -34.59511122218264)
77,Sinclair 2924,Palermo,Comuna 14,POINT (-58.42406407972782 -34.575891114478566)
78,San Martin De Tours 2990,Palermo,Comuna 14,POINT (-58.40376069927324 -34.57780642226437)
79,Cuenca 3004,Villa Del Parque,Comuna 11,POINT (-58.49477778995239 -34.60214033653753)
80,Agrelo 3076,Balvanera,Comuna 3,POINT (-58.409090810351984 -34.617550444846486)
81,Cuenca 3158,Villa Del Parque,Comuna 11,POINT (-58.495687550338396 -34.600928369053484)
82,Estados Unidos 3205,San Cristobal,Comuna 3,POINT (-58.41111602706786 -34.6215826422879)
83,Nazarre 3225,Villa Del Parque,Comuna 11,POINT (-58.495006186391734 -34.60240660415549)
84,Corrientes Av. 3247,Balvanera,Comuna 3,POINT (-58.41067394280144 -34.6039513497684)
85,Desaguadero 3363,Villa Devoto,Comuna 11,POINT (-58.51681906273978 -34.61106069315429)
86,Cerviño Av. 3371,Palermo,Comuna 14,POINT (-58.40675835146947 -34.58093927830527)
87,"Cabrera, Jose A. 3380",Recoleta,Comuna 2,POINT (-58.4139722585396 -34.59682826030102)
88,Belgrano Av. 3402,Almagro,Comuna 5,POINT (-58.41456641832854 -34.61562263559319)
89,Cordoba Av. 3540,Almagro,Comuna 5,POINT (-58.41652655817869 -34.597926620314546)
90,Belgrano Av. 3500,Almagro,Comuna 5,POINT (-58.415628741764635 -34.61568673260226)
91,"Newbery, Jorge Av. 3546",Chacarita,Comuna 15,POINT (-58.44897757318485 -34.583330489823275)
92,"Cortejarena, Jose A. 3586",Parque Patricios,Comuna 4,POINT (-58.413030442314984 -34.643575642631426)
93,Diaz Velez Av. 3679,Almagro,Comuna 5,POINT (-58.41843387553918 -34.60844963190098)
94,Alvarez Jonte Av. 3751,Villa Del Parque,Comuna 11,POINT (-58.49422156875315 -34.61361809287375)
95,Triunvirato Av. 3800,Parque Chas,Comuna 15,POINT (-58.47492137264107 -34.5807307412244)
96,Chivilcoy Av. 3855,Villa Devoto,Comuna 11,POINT (-58.511199393835625 -34.60033813724276)
97,Del Libertador Av. 3874,Palermo,Comuna 14,POINT (-58.42254027776425 -34.57164257325996)
98,Independencia Av. 3919,Almagro,Comuna 5,POINT (-58.42086216866456 -34.62120381509097)
99,Independencia Av. 3969,Almagro,Comuna 5,POINT (-58.4216879879803 -34.621259572010956)
100,"Roca, Cnel. Av. 4208",Villa Soldati,Comuna 8,POINT (-58.44751313604528 -34.675558254710644)
101,Diaz Velez Av. 4286,Almagro,Comuna 5,POINT (-58.42744531919798 -34.60877373623235)
102,Triunvirato Av. 4518,Villa Urquiza,Comuna 12,POINT (-58.48479937313467 -34.57540122796538)
103,Cabildo Av. 4600,Saavedra,Comuna 12,POINT (-58.47330286088163 -34.54241618527647)
104,"Peron, Eva Av. 4755",Parque Avellaneda,Comuna 9,POINT (-58.47713280672807 -34.656281733686015)
105,Diaz Velez Av. 4710,Caballito,Comuna 6,POINT (-58.4330596180477 -34.60880434739678)
106,Cerviño Av. 4720,Palermo,Comuna 14,POINT (-58.423998079795425 -34.57495816910024)
107,Cabildo Av. 4900,Saavedra,Comuna 12,POINT (-58.475021275000564 -34.54008925997918)
108,"Cabrera, Jose A. 5100",Palermo,Comuna 14,POINT (-58.433039050837486 -34.58945652795659)
109,Diaz Velez Av. 5205,Caballito,Comuna 6,POINT (-58.440250033689466 -34.60871357240399)
110,"Vega, Niceto, Cnel. Av. 5422",Palermo,Comuna 14,POINT (-58.43806466438516 -34.58769846277692)
111,Zamudio 5900,Villa Pueyrredon,Comuna 12,POINT (-58.50506859507818 -34.573352921040986)
112,"Bosch, Ventura 7227",Liniers,Comuna 9,POINT (-58.52782590925673 -34.64289020679034)
113,Rivadavia Av. 10294,Villa Luro,Comuna 10,POINT (-58.50852630144305 -34.63895593381839)
114,Bulnes 2000,Palermo,Comuna 14,POINT (-58.41165571371031 -34.58811795565897)
115,Estado De Israel Av. 4190,Almagro,Comuna 5,POINT (-58.42465140158607 -34.59793110204727)
116,De Los Incas Av. 4400,Villa Ortuzar,Comuna 15,POINT (-58.473541122694776 -34.58091745410136)
117,Pueyrredon Av. 1600,Recoleta,Comuna 2,POINT (-58.401626686983114 -34.59259203566483)
118,Cordoba Av. 2386,Balvanera,Comuna 3,POINT (-58.40084667967117 -34.599592224017485)
119,"Figueroa Alcorta, Pres. Av. 2500",Recoleta,Comuna 2,POINT (-58.39134838930751 -34.58395711588195)
120,Del Campo Av. 1600,Paternal,Comuna 15,POINT (-58.47016342461421 -34.5880950448062)
121,Aguero 608,Balvanera,Comuna 3,POINT (-58.41146276090965 -34.602757089847216)
122,Constitucion 1077,Constitucion,Comuna 1,POINT (-58.38114218435211 -34.62458460922173)
123,Brandsen 2500,Barracas,Comuna 4,POINT (-58.38381617318953 -34.63896916972634)
124,Paseo Colon Av. 900,San Telmo,Comuna 1,POINT (-58.36867035764147 -34.61822040487247)
125,Necochea 200,La Boca,Comuna 4,POINT (-58.365732082233116 -34.62723282889668)
126,Pueyrredon Av. 2502,Recoleta,Comuna 2,POINT (-58.3928960775791 -34.58525717869738)
127,Callao Av. 1000,Recoleta,Comuna 2,POINT (-58.39329103957965 -34.59732684912391)
128,Bolivar 1075,San Telmo,Comuna 1,POINT (-58.372925925875236 -34.6203972054461)
129,Riobamba 1104,Recoleta,Comuna 2,POINT (-58.39472608666455 -34.59567278005889)
130,Rivadavia Av. 11600,Liniers,Comuna 9,POINT (-58.52752249472757 -34.63933716755719)
131,"Alvarez Thomas Av. y Dumont, Santos",Colegiales,Comuna 13,POINT (-58.44709586186076 -34.58203174326251)
132,Pueyrredon Av. 2200,Recoleta,Comuna 2,POINT (-58.39737487702429 -34.58742237412604)
133,Don Pedro De Mendoza Av. 1900,La Boca,Comuna 4,POINT (-58.36181049034309 -34.639379096509074)
134,Godoy Cruz 1267,Villa Crespo,Comuna 15,POINT (-58.43841250196923 -34.590608569647834)
135,Humboldt 1300,Chacarita,Comuna 15,POINT (-58.43951649946694 -34.58813254607832)
136,"Ramos Mejia, Jose Maria, Dr. Av. 1360",Retiro,Comuna 1,POINT (-58.37452648707857 -34.591743166819775)
137,Varela Av. 1371,Flores,Comuna 7,POINT (-58.4535343050558 -34.64415780990456)
138,"Alcorta, Amancio Av. 1490",Barracas,Comuna 4,POINT (-58.38455354886483 -34.63449256079811)
139,"Ramos Mejia, Jose Maria, Dr. Av. 1430",Retiro,Comuna 1,POINT (-58.37390397673204 -34.59082003171764)
140,Jaramillo 2300,Nuñez,Comuna 13,POINT (-58.4675685087957 -34.54751280349117)
141,La Rioja 900,San Cristobal,Comuna 3,POINT (-58.40755552375781 -34.62073978608749)
142,Patricias Argentinas Av. 100,Caballito,Comuna 6,POINT (-58.43312081631825 -34.60762680980476)
143,Melian Av. 2500,Belgrano,Comuna 13,POINT (-58.471335026074236 -34.56554573800942)
144,2 De Abril De 1982 y Piedra Buena Av.,Villa Lugano,Comuna 8,POINT (-58.48935053579753 -34.67647843858237)
145,Lima 1600,Constitucion,Comuna 1,POINT (-58.38223995121262 -34.6269148120993)
146,"Paz, Gral. Av. 10852",Liniers,Comuna 9,POINT (-58.52883894956664 -34.64261073726406)
147,"Lacroze, Federico Av. 4200",Chacarita,Comuna 15,POINT (-58.45497694766905 -34.586936753576786)
148,Republica Bolivariana De Venezuela 1517,Monserrat,Comuna 1,POINT (-58.38774323699106 -34.614673134631076)
149,Del Libertador Av. 4215,Palermo,Comuna 14,POINT (-58.42805134648168 -34.568667650068264)
150,San Pedrito 1053,Flores,Comuna 7,POINT (-58.461323951740106 -34.64247046009236)
151,Congreso 1614,Belgrano,Comuna 13,POINT (-58.45448075154617 -34.55132682065936)
152,"Justo, Juan B. Av. 1617",Palermo,Comuna 14,POINT (-58.43598209380613 -34.58605390860211)
153,"Araoz De Lamadrid, Gregorio, Gral. 800",La Boca,Comuna 4,POINT (-58.36356507876013 -34.63928671856812)
154,Pueyrredon Av. 1714,Recoleta,Comuna 2,POINT (-58.401021130993556 -34.59129309334382)
155,Segurola Av. 1700,Monte Castro,Comuna 10,POINT (-58.49923967755392 -34.62062033925748)
156,Gallo 171,Balvanera,Comuna 3,POINT (-58.41365731521098 -34.60638766445399)
157,"Garay, Juan De Av. 1770",Constitucion,Comuna 1,POINT (-58.39053453610882 -34.62731617760105)
158,Callao Av. 1700,Recoleta,Comuna 2,POINT (-58.39011421826662 -34.590023461796484)
159,Guido 1900,Recoleta,Comuna 2,POINT (-58.39091783857855 -34.589289606608375)
160,"Guemes, Macacha 500",Puerto Madero,Comuna 1,POINT (-58.36237403837695 -34.604700825202386)
161,"Flores, Venancio, Gral. 3700",Floresta,Comuna 10,POINT (-58.47942776154648 -34.63173375846021)
162,"Goyena, Pedro Av. 400",Caballito,Comuna 6,POINT (-58.43262604822932 -34.625772928533046)
163,"Cossettini, Olga y De La Barra,  Emma",Puerto Madero,Comuna 1,POINT (-58.36460102368958 -34.60103930555544)
164,"Antartida Argentina Av. y Grierson, Cecilia",Retiro,Comuna 1,POINT (-58.36812860890467 -34.5984320378775)
165,"Guemes, Macacha 400",Puerto Madero,Comuna 1,POINT (-58.36341369190727 -34.60478818908416)
166,Avellaneda Av. 1400,Caballito,Comuna 6,POINT (-58.45188769313492 -34.61967992685862)
167,Corrientes Av. 602,San Nicolas,Comuna 1,POINT (-58.375431188901445 -34.60340548618105)
168,Corrientes Av. 700,San Nicolas,Comuna 1,POINT (-58.376550817829106 -34.60347414233079)
169,Roosevelt Franklin D. Av. y Triunvirato Av.,Villa Urquiza,Comuna 12,POINT (-58.48723780503474 -34.573618856717005)
170,Don Pedro De Mendoza Av. 1800,La Boca,Comuna 4,POINT (-58.36028876171086 -34.63897287446005)
171,"Sanchez, Miguel B. Av. 1400",Nuñez,Comuna 13,POINT (-58.45808495828506 -34.543968116173865)
172,"Freyre, Marcelino E., Cnel. Av. y Dorrego Av.",Palermo,Comuna 14,POINT (-58.421860001474116 -34.56859264335922)
173,Las Heras General Av. 2600,Recoleta,Comuna 2,POINT (-58.39993614161081 -34.58514469638314)
174,"Justo, Juan B. Av. 4100",Caballito,Comuna 6,POINT (-58.459345516735844 -34.605229049875)
175,Pueyrredon Av. 1680,Recoleta,Comuna 2,POINT (-58.40128434890444 -34.59184650517354)
176,Paseo Colon Av. 1000,San Telmo,Comuna 1,POINT (-58.368440918518964 -34.6193088292788)
177,"Py, Comodoro Av. 2002",Retiro,Comuna 1,POINT (-58.36868622060478 -34.587817797157)
178,San Juan Av. 2021,San Cristobal,Comuna 3,POINT (-58.394471570898205 -34.622827372647464)
179,San Juan Av. 2021,San Cristobal,Comuna 3,POINT (-58.394471570898205 -34.622827372647464)
180,Caseros Av. 2137,Parque Patricios,Comuna 4,POINT (-58.39265130236065 -34.63463399926767)
181,Belgrano Av. 2179,Balvanera,Comuna 3,POINT (-58.397044230047825 -34.614096618536934)
182,Jujuy Av. 1100,San Cristobal,Comuna 3,POINT (-58.40240548235328 -34.622326849105995)
183,Rivadavia Av. 2250,Balvanera,Comuna 3,POINT (-58.3982198888709 -34.60968545387985)
184,Uspallata 2278,Parque Patricios,Comuna 4,POINT (-58.393029845007604 -34.6372223174749)
185,Pueyrredon Av. 2308,Recoleta,Comuna 2,POINT (-58.39613856499381 -34.58682293446575)
186,"Carrillo, Ramon, Dr. 235",Barracas,Comuna 4,POINT (-58.382477205528254 -34.634351080642546)
187,Constitucion y Lima,Constitucion,Comuna 1,POINT (-58.381432523043806 -34.62462507051386)
188,Monroe 1600,Belgrano,Comuna 13,POINT (-58.451995411338025 -34.5536491454279)
189,La Rioja 300,Balvanera,Comuna 3,POINT (-58.40857529377213 -34.61386376872032)
190,"Ruggieri, Silvio L. 2800",Palermo,Comuna 14,POINT (-58.40778961708851 -34.5817463130576)
191,Rivadavia Av. y Pergamino,Floresta,Comuna 10,POINT (-58.47460357657657 -34.63205654665024)
192,"Campos, Luis M. Av. 800",Palermo,Comuna 14,POINT (-58.43555743338644 -34.57054622478667)
193,Independencia Av. 2567,Balvanera,Comuna 3,POINT (-58.40177814392906 -34.61863035556411)
194,"Aranguren, Juan F., Dr. 2691",Flores,Comuna 7,POINT (-58.46942114266113 -34.6242930628253)
195,Warnes Av. 2636,Paternal,Comuna 15,POINT (-58.47594954637465 -34.59712245330702)
196,Warnes Av. 2715,Paternal,Comuna 15,POINT (-58.474584768021714 -34.59693181372806)
197,Cabildo Av. 2835,Belgrano,Comuna 13,POINT (-58.461853610403885 -34.555971517577554)
198,Rondeau 2847,Parque Patricios,Comuna 4,POINT (-58.40337714898984 -34.63532427175674)
199,"Mitre, Bartolome 2875",Balvanera,Comuna 3,POINT (-58.40648117382264 -34.608953930264875)
200,Dorrego Av. 2600,Palermo,Comuna 14,POINT (-58.43445170048396 -34.574456418039524)
201,San Juan Av. 2926,San Cristobal,Comuna 3,POINT (-58.40621607165322 -34.624353589985226)
202,Beruti 2951,Recoleta,Comuna 2,POINT (-58.405834336472914 -34.58998762453915)
203,"Alsina, Adolfo 2988",Balvanera,Comuna 3,POINT (-58.40832679465525 -34.61261861245998)
204,"Jaures, Jean 1000",Balvanera,Comuna 3,POINT (-58.406712172270936 -34.59811849149823)
205,Beruti 2500,Recoleta,Comuna 2,POINT (-58.401408999169306 -34.59260535268712)
206,"Alsina, Adolfo 211",Monserrat,Comuna 1,POINT (-58.36977263226288 -34.60995831201029)
207,La Pampa 600,Belgrano,Comuna 13,POINT (-58.43455003047938 -34.553069082005216)
208,"Acevedo, Eduardo 600",Caballito,Comuna 6,POINT (-58.43294937485399 -34.60884903227409)
209,Pilar 900,Liniers,Comuna 9,POINT (-58.516406188494415 -34.648793184970685)
210,Campana 4600,Villa Devoto,Comuna 11,POINT (-58.50668978535298 -34.59045540301906)
211,Junin 1600,Recoleta,Comuna 2,POINT (-58.39408675689257 -34.59011300297169)
212,Corrientes Av. 6892,Chacarita,Comuna 15,POINT (-58.45498189449644 -34.58736141459823)
213,Cordoba Av. 1200,San Nicolas,Comuna 1,POINT (-58.383921508131095 -34.59923287978565)
214,"Obligado Rafael, Av.Costanera 1500",Palermo,Comuna 14,POINT (-58.40011881536446 -34.569357750458)
215,Belgrano Av. y Azopardo,Monserrat,Comuna 1,POINT (-58.36797453678788 -34.61221605945755)
216,Corrientes Av. 314,San Nicolas,Comuna 1,POINT (-58.37159017602721 -34.60316679926773)
217,"Figueroa, D. Apolinario, Coronel 370",Villa Crespo,Comuna 15,POINT (-58.44606365032226 -34.60471592906266)
218,Cabildo Av. 3208,Nuñez,Comuna 13,POINT (-58.46535213704162 -34.55272185521905)
219,Monroe Av. 3238,Belgrano,Comuna 13,POINT (-58.46789489790507 -34.56332123836397)
220,"Chutro, Pedro, Prof., Dr. 3350",Parque Patricios,Comuna 4,POINT (-58.41058562273644 -34.6429404542078)
221,Quevedo 3397,Villa Devoto,Comuna 11,POINT (-58.51831144257114 -34.61158555545749)
222,Gaona Av. 3429,Villa Santa Rita,Comuna 11,POINT (-58.47340796418416 -34.61998815534105)
223,"Garay, Juan De Av. 1100",Constitucion,Comuna 1,POINT (-58.38017111366586 -34.62635888911354)
224,Miranda 4400,Monte Castro,Comuna 10,POINT (-58.499253942138616 -34.61881172946592)
225,Perdriel 36,Barracas,Comuna 4,POINT (-58.38811040652051 -34.63460305629428)
226,"Vega, Ventura De La 3723",Nueva Pompeya,Comuna 4,POINT (-58.41191577690969 -34.6529732327712)
227,Cadiz 3727,Parque Chas,Comuna 15,POINT (-58.474682085836854 -34.58139338637846)
228,Moreno 800,Monserrat,Comuna 1,POINT (-58.377514402255066 -34.61167079756783)
229,"Goyena, Pedro Av. 381",Caballito,Comuna 6,POINT (-58.4322278574973 -34.62557214710821)
230,"Calvo, Carlos 383",San Telmo,Comuna 1,POINT (-58.37123550023653 -34.61944480588541)
231,Independencia Av. 3897,Almagro,Comuna 5,POINT (-58.42037428094237 -34.62116995637654)
232,"Paz, Gral. Av. 10600",Liniers,Comuna 9,POINT (-58.5290364138796 -34.63876727612159)
233,San Martin De Tours 3000,Palermo,Comuna 14,POINT (-58.4035680818785 -34.57765057793121)
234,"Figueroa Alcorta, Pres. Av. 7500",Belgrano,Comuna 13,POINT (-58.44795608445776 -34.54699749961856)
235,Echeverria 2300,Belgrano,Comuna 13,POINT (-58.4547433913447 -34.562380839729514)
236,"Bullrich, Int. Av. 400",Palermo,Comuna 14,POINT (-58.4255873702837 -34.57574405948038)
237,Acassuso 6419,Liniers,Comuna 9,POINT (-58.51408309896974 -34.648747427166654)
238,Azcuenaga 2000,Recoleta,Comuna 2,POINT (-58.39453052993478 -34.58686039647189)
239,Cordoba Av. 4050,Villa Crespo,Comuna 15,POINT (-58.42420461158901 -34.59743749334602)
240,Potosi 4097,Almagro,Comuna 5,POINT (-58.42444938361702 -34.60721593813521)
241,Cordoba Av. 4142,Villa Crespo,Comuna 15,POINT (-58.4253702651075 -34.59695513888941)
242,"Peron, Juan Domingo, Tte. General 4190",Almagro,Comuna 5,POINT (-58.425923200304084 -34.60600191161627)
243,Diaz Velez Av. 4700,Caballito,Comuna 6,POINT (-58.43281608430789 -34.608804462573005)
244,Gallo 600,Almagro,Comuna 5,POINT (-58.41289383362858 -34.6025880155224)
245,Cordoba Av. 466,San Nicolas,Comuna 1,POINT (-58.373794385171756 -34.59867116457981)
246,"De La Torre, Lisandro 1000",Liniers,Comuna 9,POINT (-58.5171377814138 -34.6494465132002)
247,"Garay, Juan De Av. 200",San Telmo,Comuna 1,POINT (-58.36795621855991 -34.624144536401175)
248,Lima 1600,Constitucion,Comuna 1,POINT (-58.38223995121262 -34.6269148120993)
249,Dorrego 1782,Colegiales,Comuna 13,POINT (-58.443010129750384 -34.58132216848959)
250,Corrientes Av. 100,San Nicolas,Comuna 1,POINT (-58.368902335543766 -34.602961491837085)
251,Diaz Velez Av. 3600,Almagro,Comuna 5,POINT (-58.41749207285964 -34.608533976180965)
252,"Peron, Juan Domingo, Tte. General 4272",Almagro,Comuna 5,POINT (-58.42695636701187 -34.60599647085085)
253,Del Libertador Av. 440,Retiro,Comuna 1,POINT (-58.37994117116476 -34.58999423550156)
254,"Alem, Leandro N. Av. 1000",Retiro,Comuna 1,POINT (-58.37272499289863 -34.595325108112185)
255,Sarmiento Av. 2704,Palermo,Comuna 14,POINT (-58.41565476894367 -34.575507461978496)
256,Asamblea Av. 1150,Parque Chacabuco,Comuna 7,POINT (-58.441051371554444 -34.63577002200659)
257,Ramos Mejia y Franklin,Caballito,Comuna 6,POINT (-58.43263620835239 -34.60542994645572)
258,Cordoba Av. 596,Retiro,Comuna 1,POINT (-58.37533187397457 -34.59869687357453)
259,"Moreno, Jose Maria Av. 10",Caballito,Comuna 6,POINT (-58.43625469617598 -34.6184898359938)
260,Cordoba Av. 1752,San Nicolas,Comuna 1,POINT (-58.392292844999616 -34.59968058321381)
261,Antartida Argentina Av. 1455,Retiro,Comuna 1,POINT (-58.373259813401965 -34.58319514045627)
262,Gascon 400,Almagro,Comuna 5,POINT (-58.424694947159146 -34.607358304046315)
263,De Los Inmigrantes Av. 1950,Retiro,Comuna 1,POINT (-58.37060061031819 -34.58586086403051)
264,Diaz Velez Av. 5082,Caballito,Comuna 6,POINT (-58.43836930538582 -34.60887253938018)
265,Honduras 5389,Palermo,Comuna 14,POINT (-58.43385498674629 -34.58608457725701)
266,Avellaneda 561,Caballito,Comuna 6,POINT (-58.439098351162066 -34.614477983049554)
267,Cerviño Av. 4800,Palermo,Comuna 14,POINT (-58.4249339831034 -34.57467480940475)
268,Tucuman 593,San Nicolas,Comuna 1,POINT (-58.37509537245675 -34.60100062398481)
269,"Martinez, Enrique, Gral. 1300",Colegiales,Comuna 13,POINT (-58.45882036312355 -34.57581527239713)
270,Costa Rica 4500,Palermo,Comuna 14,POINT (-58.42504124559515 -34.58955715595984)
271,"Gallardo, Angel Av. 861",Villa Crespo,Comuna 15,POINT (-58.4423401692969 -34.60634285734084)
272,"Fernandez De La Cruz, F., Gral. Av. 4600",Villa Soldati,Comuna 8,POINT (-58.45903058559061 -34.67326679910065)
273,Herrera 800,Barracas,Comuna 4,POINT (-58.37768626413583 -34.63813845934889)
274,Rivadavia Av. 2800,Balvanera,Comuna 3,POINT (-58.406068567501976 -34.61004074651246)
275,De Los Incas Av. 4400,Villa Ortuzar,Comuna 15,POINT (-58.473541122694776 -34.58091745410136)
276,Combate De Los Pozos 1800,Parque Patricios,Comuna 4,POINT (-58.391691036119994 -34.62940219919679)
277,"Obligado Rafael, Av.Costanera 6100",Belgrano,Comuna 13,POINT (-58.428467234020275 -34.55129110388979)
278,"Urquiza, Gral. 601",Balvanera,Comuna 3,POINT (-58.4094073288676 -34.61754282493678)
279,"Tornquist, Ernesto Av. 6380",Palermo,Comuna 14,POINT (-58.43541695291874 -34.55549930240268)
280,Combatientes De Malvinas Av. y Chorroarin Av.,Villa Ortuzar,Comuna 15,POINT (-58.470837416095755 -34.58741290413684)
281,Directorio Av. 684,Parque Chacabuco,Comuna 7,POINT (-58.436800077336635 -34.62852377319117)
282,24 De Noviembre 610,Balvanera,Comuna 3,POINT (-58.41094833708909 -34.61775959453224)
283,Chile 1100,Monserrat,Comuna 1,POINT (-58.381460675405435 -34.61651259705247)
284,Gallo 1600,Recoleta,Comuna 2,POINT (-58.40920121832513 -34.59177238293916)
285,Malabia 1800,Palermo,Comuna 14,POINT (-58.425209364330684 -34.58948317679395)
286,"Obligado Rafael, Av.Costanera 5700",Palermo,Comuna 14,POINT (-58.424814458638025 -34.55273174452573)
287,Pi Y Margall 741,La Boca,Comuna 4,POINT (-58.36604628320759 -34.627619966407416)
288,Tapalque 7491,Mataderos,Comuna 9,POINT (-58.5136946114862 -34.66448633342466)
289,Patricias Argentinas Av. 300,Caballito,Comuna 6,POINT (-58.433636047975185 -34.60523089064246)
290,Brandsen 773,La Boca,Comuna 4,POINT (-58.3644025785269 -34.636478622865695)
291,"Ambrosetti, Juan B. 776",Caballito,Comuna 6,POINT (-58.43876849049716 -34.60930038507829)
292,Rivadavia Av. 7812,Floresta,Comuna 10,POINT (-58.47479418193984 -34.632234282760216)
293,Cordoba Av. 790,San Nicolas,Comuna 1,POINT (-58.378056872032275 -34.598971023492986)
294,Rivadavia 900,Monserrat,Comuna 1,POINT (-58.379113380744876 -34.60831586002765)
295,Junin 800,Balvanera,Comuna 3,POINT (-58.397237091144284 -34.599820189209645)
296,Beruti 3300,Recoleta,Comuna 2,POINT (-58.40898754618231 -34.587646702816045)
297,"Paz, Gral. Av. 5000",Villa Urquiza,Comuna 12,POINT (-58.50897790937563 -34.56990534037106)
298,Rivadavia y Lima,San Nicolas,Comuna 1,POINT (-58.38198101064255 -34.60845241282035)
299,Finochietto Enrique Dr. 843,Barracas,Comuna 4,POINT (-58.37558670698713 -34.63024020321921)
300,Del Libertador Av. 8644,Nuñez,Comuna 13,POINT (-58.4666980014232 -34.5363217260433)
301,"Pellegrini, Carlos 897",Retiro,Comuna 1,POINT (-58.38128116605887 -34.59800144178993)
302,Monroe 5055,Villa Urquiza,Comuna 12,POINT (-58.48581134377683 -34.57393711387218)
303,San Martin 1200,Retiro,Comuna 1,POINT (-58.37386024855489 -34.59357953689564)
304,Cerviño Av. 4800,Palermo,Comuna 14,POINT (-58.4249339831034 -34.57467480940475)
305,"Ocampo, Victoria y Moreau De Justo, Alicia Av.",Puerto Madero,Comuna 1,POINT (-58.36737704674191 -34.60162483269475)
306,"Montes De Oca, Manuel Av. 94",Barracas,Comuna 4,POINT (-58.37722886813408 -34.62953087954954)
307,"Darquier, Juan 971",Barracas,Comuna 4,POINT (-58.37856123771072 -34.65379262942305)
308,Del Libertador Av. 3900,Palermo,Comuna 14,POINT (-58.423060154278154 -34.57105359852841)
309,"Madero, Eduardo Av. 900",Retiro,Comuna 1,POINT (-58.37007515839451 -34.59723847890897)
310,Fragata Pres. Sarmiento 1000,Caballito,Comuna 6,POINT (-58.4541388760693 -34.61291088919096)
311,"Salguero, Jeronimo 3172",Palermo,Comuna 14,POINT (-58.404123604380246 -34.5756415758769)
312,Santa Fe Av. 3272,Palermo,Comuna 14,POINT (-58.41120057841734 -34.58840263123035)
313,Posadas 1245,Retiro,Comuna 1,POINT (-58.3842604902817 -34.5891345275206)
314,"Alvear, Marcelo T. De 2385",Recoleta,Comuna 2,POINT (-58.40144934697662 -34.596349461369435)
315,Pueyrredon Av. 1425,Recoleta,Comuna 2,POINT (-58.40214836244685 -34.594209736482966)
316,La Plata Av. 1561,Parque Chacabuco,Comuna 7,POINT (-58.42545688017012 -34.633068051457705)
317,Pichincha Av. 1900,Parque Patricios,Comuna 4,POINT (-58.39593726599261 -34.63153909053091)
318,"Diaz, Cnel. Av. 2100",Palermo,Comuna 14,POINT (-58.4091851631493 -34.58759129584373)
319,"Leguizamon, Martiniano 1000",Liniers,Comuna 9,POINT (-58.513861813905265 -34.648579114090765)
320,Necochea 300,La Boca,Comuna 4,POINT (-58.364723239324775 -34.62788389175115)
321,"Ramos Mejia, Jose Maria, Dr. Av. 1600",Retiro,Comuna 1,POINT (-58.372250021579376 -34.58881628396064)
322,"Roca, Cnel. Av. 5252",Villa Riachuelo,Comuna 8,POINT (-58.45533867033191 -34.68470205321683)
323,Cordoba Av. 1798,San Nicolas,Comuna 1,POINT (-58.39267851125409 -34.59970095607047)
324,"Barco Centenera Del y Rabanal, Francisco, Intendente Av.",Nueva Pompeya,Comuna 4,POINT (-58.418281748474655 -34.655220413540505)
325,"Pellegrini, Carlos 1500",Retiro,Comuna 1,POINT (-58.3814556231281 -34.59038063350345)
326,Guzman Av. 700,Chacarita,Comuna 15,POINT (-58.45531187828498 -34.5873411385995)
327,"Figueroa Alcorta, Pres. Av. y Gonzalez, Julio Victor",Recoleta,Comuna 2,POINT (-58.39167852956542 -34.58367809771681)
328,"Roca, Cnel. Av. 4300",Villa Soldati,Comuna 8,POINT (-58.448045389324456 -34.67641705780915)
329,Cordoba Av. 6131,Chacarita,Comuna 15,POINT (-58.44675823275372 -34.583564870500894)
330,Acoyte 953,Caballito,Comuna 6,POINT (-58.44006681149415 -34.60698508661662)
331,"Figueroa Alcorta, Pres. Av. 2270",Recoleta,Comuna 2,POINT (-58.3938469129038 -34.58276042857882)
332,Cordoba Av. 1592,San Nicolas,Comuna 1,POINT (-58.38950655793037 -34.59950757515522)
333,Perdriel 36,Barracas,Comuna 4,POINT (-58.38811040652051 -34.63460305629428)
